<?xml version="1.0" encoding="UTF-8"?>
<!DOCTYPE mapper
	PUBLIC "-//mybatis.org//DTD Mapper 3.0//EN"
	"http://mybatis.org/dtd/mybatis-3-mapper.dtd">
<mapper namespace="com.sango.spring.board.mapper.GuestMapper">
	<select id="getList" resultType="com.sango.spring.board.dto.GuestDto">
		SELECT * FROM TBL_GUEST
	</select>
	<select id="read" resultType="com.sango.spring.board.dto.GuestDto">
		SELECT * FROM TBL_GUEST WHERE BNO = #{BNO}
	</select>
	<delete id="del">
		DELETE FROM TBL_GUEST WHERE BNO = #{BNO}
	</delete>
	<insert id="write">
		INSERT INTO TBL_GUEST (btitle, btitle) VALUES (#{btitle}, #{btext})
	</insert>
	<update id="modify">
		UPDATE TBL_GUEST SET btitle = #{btitle}, btext = #{btext} WHERE BNO = #{bno}
	</update>
</mapper>
