<?xml version="1.0" encoding="UTF-8"?>
<!DOCTYPE mapper
	PUBLIC "-//mybatis.org//DTD Mapper 3.0//EN"
	"http://mybatis.org/dtd/mybatis-3-mapper.dtd">
<mapper namespace="com.peisia.mapper.TestMapper">
	<select id="getData1" resultType="com.peisia.spring.dto.TestDto">
		SELECT NO, STR_DATA FROM TBL_TEST WHERE NO = 1
	</select>
	<select id="getData2" resultType="com.peisia.spring.dto.TestDto">
		SELECT NO, STR_DATA FROM TBL_TEST WHERE NO = 2
	</select>
	<select id="getData3" resultType="com.peisia.spring.dto.TestDto">
		SELECT NO, STR_DATA FROM TBL_TEST WHERE NO = 3
	</select>
	<select id="getData4" resultType="com.peisia.spring.dto.TestDto">
		SELECT NO, STR_DATA FROM TBL_TEST WHERE NO = 4
	</select>
	<update id="updateVisitantCount">
		UPDATE TBL_VISITANT_COUNT SET COUNT = 200
	</update>
	<insert id="insertDoodle">
		INSERT INTO TBL_DOODLE VALUES("aaaaaaaa")
	</insert>
	<delete id="delTest">
		DELETE FROM TBL_TEST_DEL WHERE NO = 1
	</delete>
</mapper>